Topic,Bezeichnung,Beschwerden,Anteil (%)
1,"Gebühren, Zinsen und Zahlungsprobleme",695,6.95
2,Forderungsnachweis und Schuldenvalidierung,427,4.27
3,Hypotheken und Immobilienfinanzierung,166,1.66
4,Kredit-/Leasingzahlungen und Zahlungsrückstände,570,5.7
5,Inkasso und Forderungseintreibung,860,8.6
6,Zahlungsabwicklung und Finanzdienstleistungen,693,6.93
7,Bankkonten und Kontoverwaltung,419,4.19
8,Kommunikation und Kontaktaufnahme,910,9.1
9,Allgemeine Zahlungs- und Kontoprobleme,1772,17.72
10,Kreditberichte und fehlerhafte Meldungen,1167,11.67
11,Transaktions- und Händlerstreitigkeiten,963,9.63
12,Kreditkartenbelastungen und Käufe,630,6.3
13,Rechtliche Verstöße bei Forderungen,252,2.52
14,Werbeangebote und Kontoeröffnung,48,0.48
15,Betrug und Identitätsmissbrauch,428,4.28
