lda_topic,Issue,count
1,Managing an account,538
1,Closing an account,210
1,Trouble accessing funds in your mobile or digital wallet,99
2,Attempts to collect debt not owed,1037
2,False statements or representation,404
2,Written notification about debt,377
3,Attempts to collect debt not owed,222
3,Managing an account,187
3,Communication tactics,112
4,Problem with a purchase shown on your statement,446
4,Managing an account,288
4,Problem with a lender or other company charging your account,153
5,Trouble during payment process,221
5,Dealing with your lender or servicer,151
5,Managing the loan or lease,117
