topic,words
1,"account, bank, check, access, receive, cash, fund, app, close, contact, transfer, deposit, number, issue, america"
2,"loan, mortgage, insurance, escrow, property, servicer, servicing, document, foreclosure, lender, home, tax, borrower, loss, hardship"
3,"credit, report, account, falsely, number, file, code, fair, debt, act, investigation, right, violation, collector, hotel"
4,"transaction, fraud, unauthorized, card, claim, authorize, dispute, fraudulent, deny, debit, report, investigation, charge, bank, transfer"
5,"record, citi, failure, internal, repair, evidence, document, new, inspection, asset, note, case, control, letter, barclays"
6,"dispute, charge, refund, merchant, service, issue, receive, purchase, card, return, state, cancel, item, billing, contact"
7,"reporting, account, report, credit, dispute, information, inaccurate, require, continue, documentation, failure, act, fair, cfpb, write"
8,"debt, collection, validation, account, original, collect, fdcpa, report, proof, credit, dispute, creditor, include, alleged, legal"
9,"fee, wells, fargo, charge, bank, wire, account, transfer, overdraft, cooper, annual, crypto, customer, service, assess"
10,"call, pay, send, ask, time, money, receive, day, card, try, email, phone, need, get, know"
11,"chase, chime, purchase, card, offer, bonus, promotional, affirm, reward, term, apply, point, promotion, requirement, benefit"
12,"capital, vehicle, financial, practice, finance, deceptive, action, contract, repossession, application, disclosure, title, sale, unfair, include"
13,"fund, paypal, hold, release, deposit, explanation, atm, resolution, write, despite, clear, issue, transaction, immediate, return"
14,"payment, balance, account, pay, credit, interest, late, charge, time, statement, month, issue, date, history, error"
15,"account, report, identity, information, theft, credit, open, violation, fraudulent, remove, law, file, personal, section, inquiry"
